{
  "train_loss": [
    1.962298515554307,
    1.9258330327863602,
    1.8905630307413532,
    1.8564493168993894,
    1.8234539836242063,
    1.791540366039679,
    1.7606730012872989,
    1.7308175891193458,
    1.7019409537839754,
    1.6740110071598577,
    1.6469967130994076,
    1.6208680529409851,
    1.5955959921517362,
    1.5711524480640144,
    1.5475102586695284,
    1.5246431524365365,
    1.5025257191165542,
    1.4811333815081305,
    1.4604423681463161,
    1.4404296868874806,
    1.4210730993601208,
    1.4023510962532693,
    1.3842428734150483,
    1.3667283087348048,
    1.3497879397831398,
    1.3334029421849842,
    1.317555108701689,
    1.3022268289988879,
    1.2874010700776473,
    1.2730613573471588,
    1.2591917563179431,
    1.2457768548952242,
    1.2328017462527914,
    1.2202520122683271,
    1.2081137075017874,
    1.1963733436990325,
    1.1850178748034916,
    1.174034682459202,
    1.1634115619891143,
    1.1531367088330857,
    1.1431987054304864,
    1.1335865085328474,
    1.1242894369324477,
    1.1152971595932073,
    1.1065996841706942,
    1.0981873459084932,
    1.0900507968985915,
    1.0821809956938537,
    1.0745691972610385,
    1.067206943263196,
    1.0600860526606448,
    1.0531986126200863,
    1.0465369697217535,
    1.0400937214548245,
    1.033861707991648,
    1.027834004231643,
    1.0220039121060303,
    1.0163649531348442,
    1.0109108612279558,
    1.0056355757221045,
    1.000533234646206,
    0.9955981682074461,
    0.9908248924909292,
    0.9862081033658743,
    0.9817426705915908,
    0.9774236321166839,
    0.9732461885651527,
    0.9692056979032571,
    0.9652976702812243,
    0.9615177630440658,
    0.9578617759059577,
    0.9543256462828243,
    0.9509054447779385,
    0.94759737081552,
    0.9443977484174836,
    0.9413030221186399,
    0.9383097530158132,
    0.9354146149464839,
    0.9326143907927102,
    0.9299059689062218,
    0.9272863396507122,
    0.9247525920574897,
    0.9223019105907674,
    0.9199315720190007,
    0.9176389423887943,
    0.9154214740980167,
    0.9132767030648683,
    0.9112022459897597,
    0.9091957977069558,
    0.9072551286230435,
    0.9053780822393759,
    0.9035625727557409,
    0.9018065827525914,
    0.9001081609492598,
    0.8984654200356679,
    0.8968765345751211,
    0.8953397389758586,
    0.8938533255291019,
    0.892415642511426,
    0.8910250923493402
  ],
  "train_accuracy": [
    0.03274081830781014,
    0.06419785076715914,
    0.0944214353411735,
    0.12345993621321352,
    0.15135982117988517,
    0.17816573600942784,
    0.20392057588446924,
    0.22866555404346806,
    0.25244026773068906,
    0.2752827615602412,
    0.2972295883955769,
    0.3183158678418724,
    0.3385753424448877,
    0.35804043168623956,
    0.37674228386148784,
    0.39471082592405443,
    0.4119748113747327,
    0.4285618662734236,
    0.4444985334467258,
    0.45981031496212,
    0.47452171293671846,
    0.4886562687458796,
    0.5022366006944308,
    0.5152844402107815,
    0.5278206666218457,
    0.5398653405644186,
    0.5514377360864758,
    0.562556371489762,
    0.5732390389630245,
    0.5835028330533112,
    0.5933641780208927,
    0.6028388541215828,
    0.611942022858515,
    0.6206882512437809,
    0.6290915351087586,
    0.6371653215004283,
    0.6449225301995164,
    0.6523755743949007,
    0.6595363805473614,
    0.6664164074744627,
    0.6730266646871051,
    0.6793777300070927,
    0.6854797664939031,
    0.6913425387077528,
    0.6969754283349752,
    0.7023874492007213,
    0.7075872616930019,
    0.7125831866211576,
    0.7173832185309273,
    0.7219950384974284,
    0.7264260264165143,
    0.7306832728141837,
    0.7347735901929335,
    0.7387035239332178,
    0.7424793627674512,
    0.746107148843324,
    0.7495926873925262,
    0.7529415560203581,
    0.7561591136310875,
    0.7592505090033406,
    0.7622206890292456,
    0.7650744066305164,
    0.7678162283641403,
    0.7704505417298447,
    0.7729815621910312,
    0.7754133399204176,
    0.7777497662811779,
    0.7799945800539535,
    0.7821513734196999,
    0.784223597707943,
    0.7862145689196418,
    0.7881274730334983,
    0.7899653711042027,
    0.7917312041607739,
    0.7934277979128336,
    0.7950578672723444,
    0.796624020698048,
    0.7981287643695564,
    0.799574506197773,
    0.8009635596780642,
    0.8022981475923457,
    0.8035804055660078,
    0.8048123854853713,
    0.8059960587811432,
    0.8071333195831277,
    0.8082259877512362,
    0.8092758117876528,
    0.8102844716348102,
    0.8112535813636559,
    0.8121846917565108,
    0.8130792927886505,
    0.8139388160125852,
    0.8147646368488479,
    0.815558076786961,
    0.8163204055001017,
    0.8170528428768499,
    0.81775656097327,
    0.8184326858884509,
    0.8190822995665042,
    0.8197064415279068
  ],
  "val_loss": [
    2.1655769055061063,
    2.132282334283199,
    2.1000792889377577,
    2.068931984995095,
    2.038805811135145,
    2.009667290731881,
    1.9814840446536208,
    1.954224755282881,
    1.9278591317158038,
    1.9023578761024789,
    1.8776926510907637,
    1.8538360483374214,
    1.8307615580515852,
    1.808443539536709,
    1.7868571926982653,
    1.7659785304855333,
    1.7457843522368541,
    1.7262522178987278,
    1.7073604230901147,
    1.6890879749842216,
    1.67141456898098,
    1.6543205661442895,
    1.637786971378957,
    1.6217954123230827,
    1.606328118932432,
    1.591367903734116,
    1.5768981427276292,
    1.5629027569120282,
    1.5493661944187216,
    1.5362734132300144,
    1.523609864464209,
    1.511361476208683,
    1.4995146378829836,
    1.4880561851145597,
    1.4769733851103275,
    1.4662539225078122,
    1.4558858856901447,
    1.4458577535497064,
    1.4361583826857132,
    1.426776995021513,
    1.4177031658278354,
    1.4089268121386869,
    1.4004381815470175,
    1.392227841367711,
    1.3842866681558512,
    1.3766058375686243,
    1.3691768145595835,
    1.361991343894388,
    1.35504144097747,
    1.3483193829794398,
    1.3418177002553713,
    1.3355291680444266,
    1.329446798441601,
    1.3235638326326657,
    1.3178737333836785,
    1.3123701777767174,
    1.3070470501837668,
    1.3018984354709446,
    1.2969186124255248,
    1.2921020473984433,
    1.2874433881552314,
    1.2829374579285378,
    1.278579249665631,
    1.2743639204644939,
    1.2702867861923222,
    1.2663433162804505,
    1.262529128689922,
    1.2588399850421041,
    1.255271785908944,
    1.2518205662576252,
    1.24848249104457,
    1.245253850953883,
    1.242131058275509,
    1.2391106429185181,
    1.2361892485550936,
    1.233363628890932,
    1.2306306440579164,
    1.2279872571250505,
    1.225430530723779,
    1.2229576237839415,
    1.2205657883767371,
    1.2182523666611862,
    1.2160147879307006,
    1.2138505657564789,
    1.2117572952245512,
    1.2097326502634065,
    1.2077743810592274,
    1.2058803115558676,
    1.2040483370367858,
    1.2022764217862572,
    1.2005625968272562,
    1.1989049577335025,
    1.1973016625132356,
    1.1957509295623676,
    1.1942510356847402,
    1.1928003141772845,
    1.1913971529779577,
    1.1900399928743974,
    1.188727325771302,
    1.187457693014615
  ],