{
  "train_loss": [
    1.9426281758435104,
    1.8871372238053312,
    1.8334654815629292,
    1.781553308325158,
    1.7313430185585748,
    1.6827788178864682,
    1.635806741089368,
    1.5903745921381351,
    1.5464318861930062,
    1.5039297935041311,
    1.4628210851512726,
    1.4230600805623688,
    1.384602596752642,
    1.3474058992278481,
    1.3114286544971085,
    1.2766308841425558,
    1.2429739203947567,
    1.2104203631645465,
    1.1789340384835243,
    1.148479958307036,
    1.1190242816349667,
    1.090534276907149,
    1.062978285631595,
    1.0363256872051378,
    1.0105468648873868,
    0.9856131728901933,
    0.9614969045460484,
    0.9381712615200469,
    0.9156103240312025,
    0.8937890220500241,
    0.8726831074403483,
    0.8522691270144717,
    0.8325243964716392,
    0.8134269751909329,
    0.7949556418505459,
    0.7770898708463537,
    0.7598098094835742,
    0.7430962559161771,
    0.726930637809522,
    0.7112949917025219,
    0.6961719430463924,
    0.6815446868978113,
    0.6673969692450292,
    0.653713068946185,
    0.6404777802597521,
    0.627676395947707,
    0.6152946909326393,
    0.6033189064906469,
    0.59173573496245,
    0.5805323049657332,
    0.5696961670922857,
    0.5592152800740443,
    0.5490779974026685,
    0.5392730543877764,
    0.5297895556394643,
    0.5206169629611959,
    0.5117450836396114,
    0.5031640591182414,
    0.4948643540425415,
    0.4868367456640722,
    0.4790723135920526,
    0.4715624298808962,
    0.4642987494427183,
    0.45727320077415645,
    0.45047797698720354,
    0.44390552713408427,
    0.4375485478165368,
    0.43139997507017375,
    0.42545297651490654,
    0.41970094376270883,
    0.41413748507428344,
    0.4087564182564719,
    0.4035517637925151,
    0.39851773819753045,
    0.3936487475918229,
    0.3889393814848869,
    0.3843844067631941,
    0.3799787618750843,
    0.37571755120629824,
    0.37159603963990273,
    0.3676096472945621,
    0.36375394443531045,
    0.3600246465511677,
    0.35641760959413143,
    0.3529288253742523,
    0.34955441710567764,
    0.34629063509871266,
    0.34313385259311263,
    0.3400805617279763,
    0.3371273696437619,
    0.3342709947120937,
    0.33150826288917096,
    0.32883610418872616,
    0.32625154927061284,
    0.3237517261412337,
    0.3213338569621409,
    0.3189952549632631,
    0.3167333214573291,
    0.31454554295217,
    0.3124294883576917
  ],
  "train_accuracy": [
    0.038347928509027934,
    0.07519221323387024,
    0.11059181289061998,
    0.14460337439104531,
    0.17728132348973377,
    0.2086779518769107,
    0.2388435008563005,
    0.26782624174193026,
    0.29567255310253165,
    0.3224269949771447,
    0.3481323801806877,
    0.37282984281359427,
    0.3965589040851499,
    0.41935753555585903,
    0.44126221990004205,
    0.4623080092858985,
    0.4825285814664534,
    0.5019562936711476,
    0.5206222343843088,
    0.5385562730933573,
    0.5557871080863601,
    0.5723423123754134,
    0.5882483778193452,
    0.6035307575163404,
    0.6182139065343294,
    0.632321321044313,
    0.6458755759192495,
    0.6588983608586674,
    0.671410515096812,
    0.6834320607498663,
    0.6949822348556084,
    0.7060795201567761,
    0.7167416746773984,
    0.7269857601394224,
    0.7368281692651089,
    0.7462846520088848,
    0.7553703407606311,
    0.764099774560734,
    0.7724869223656521,
    0.7805452054012271,
    0.7882875186395076,
    0.795726251433457,
    0.8028733073425596,
    0.8097401231810566,
    0.8163376873192884,
    0.8226765572674316,
    0.8287668765697676,
    0.8346183910365175,
    0.840240464339218,
    0.8456420929945928,
    0.8508319207608994,
    0.8558182524697864,
    0.8606090673157952,
    0.8652120316247749,
    0.8696345111216375,
    0.8738835827170908,
    0.8779660458322043,
    0.8818884332789344,
    0.8856570217140163,
    0.8892778416829547,
    0.8927566872701823,
    0.8960991253708324,
    0.8993105045989572,
    0.9023959638464528,
    0.9053604405063814,
    0.9082086783738543,
    0.9109452352371161,
    0.9135744901709779,
    0.9161006505442713,
    0.9185277587525369,
    0.9208596986867181,
    0.9231002019482172,
    0.9252528538202518,
    0.9273210990050742,
    0.9293082471362291,
    0.931217478074674,
    0.9330518469972348,
    0.9348142892855403,
    0.9365076252232599,
    0.9381345645091579,
    0.9396977105931906,
    0.9411995648425817,
    0.9426425305445426,
    0.9440289167520456,
    0.945360941978801,
    0.9466407377493521,
    0.9478703520099694,
    0.9490517524058016,
    0.9501868294295276,
    0.9512773994465479,
    0.9523252076015571,
    0.9533319306111478,
    0.9542991794469141,
    0.9552285019133507,
    0.9561213851246699,
    0.956979257884502,
    0.9578034929722851,
    0.9585954093400059,
    0.9593562742228038,
    0.960087305166818
  ],
  "val_loss": [
    2.139349785891711,
    2.080687922308493,
    2.0239492233665253,
    1.9690706402294529,
    1.9159911910476364,
    1.8646518931942664,
    1.8149956977230461,
    1.7669674259746002,
    1.720513708261178,
    1.6755829245615104,
    1.632125147159917,
    1.5900920851659328,
    1.549437030852793,
    1.5101148077551536,
    1.4720817204683718,
    1.435295506093559,
    1.3997152872744572,
    1.365301526773949,
    1.3320159835397258,
    1.2998216702102954,
    1.2686828120141076,
    1.2385648070161288,
    1.2094341876676862,
    1.1812585836168599,
    1.1540066857380946,
    1.1276482113410615,
    1.1021538705201084,
    1.0774953336069069,
    1.0536451996901284,
    1.0305769661671684,
    1.0082649992940826,
    0.9866845057010128,
    0.9658115048414472,
    0.9456228023447004,
    0.9260959642420057,
    0.9072092920375739,
    0.8889417985969214,
    0.871273184825673,
    0.8541838171129233,
    0.8376547055140946,
    0.8216674826490434,
    0.8062043832919721,
    0.7912482246304595,
    0.7767823871716812,
    0.7627907962745952,
    0.749257904287576,
    0.7361686732716473,
    0.7235085582901124,
    0.7112634912460186,
    0.6994198652494894,
    0.6879645194975591,
    0.676884724649704,
    0.6661681686828209,
    0.655802943209935,
    0.6457775302474338,
    0.6360807894161213,
    0.6267019455618749,
    0.6176305767821408,
    0.6088566028449724,
    0.6003702739877335,
    0.592162160083027,
    0.5842231401598046,
    0.5765443922680165,
    0.5691173836755369,
    0.5619338613864723,
    0.5549858429703176,
    0.5482656076917675,
    0.5417656879313265,
    0.5354788608871869,
    0.5293981405491494,
    0.5235167699356711,
    0.5178282135854131,
    0.5123261502949445,
    0.5070044660945322,
    0.5018572474542128,
    0.4968787747125947,
    0.49206351572109086,
    0.48740611969651765,
    0.48290141127522956,
    0.47854438476218286,
    0.47433019856853703,
    0.4702541698316139,
    0.46631176921123446,
    0.46249861585665325,
    0.4588104725384953,
    0.4552432409402878,
    0.45179295710435335,
    0.4484557870270048,
    0.4452280223981464,
    0.4421060764805483,
    0.4390864801242133,
    0.4361658779114093,
    0.4333410244280819,
    0.43060878065750496,
    0.4279661104921613,
    0.4254100773599775,
    0.4229378409611638,
    0.4205466541120336,
    0.418233859692294,
    0.41599688769241694
  ],