{
  "train_loss": [
    1.9393497858917108,
    1.880687922308493,
    1.823949223366525,
    1.769070640229453,
    1.7159911910476362,
    1.6646518931942664,
    1.614995697723046,
    1.5669674259746,
    1.5205137082611782,
    1.4755829245615102,
    1.4321251471599168,
    1.3900920851659326,
    1.349437030852793,
    1.3101148077551537,
    1.2720817204683719,
    1.2352955060935589,
    1.199715287274457,
    1.165301526773949,
    1.1320159835397259,
    1.0998216702102952,
    1.0686828120141076,
    1.0385648070161289,
    1.0094341876676862,
    0.9812585836168599,
    0.9540066857380948,
    0.9276482113410616,
    0.9021538705201084,
    0.8774953336069068,
    0.8536451996901283,
    0.8305769661671684,
    0.8082649992940826,
    0.7866845057010129,
    0.7658115048414472,
    0.7456228023447005,
    0.7260959642420057,
    0.707209292037574,
    0.6889417985969214,
    0.671273184825673,
    0.6541838171129234,
    0.6376547055140945,
    0.6216674826490435,
    0.606204383291972,
    0.5912482246304595,
    0.5767823871716813,
    0.5627907962745952,
    0.549257904287576,
    0.5361686732716473,
    0.5235085582901124,
    0.5112634912460187,
    0.49941986524948945,
    0.48796451949755915,
    0.476884724649704,
    0.46616816868282096,
    0.4558029432099351,
    0.4457775302474337,
    0.4360807894161214,
    0.4267019455618749,
    0.4176305767821409,
    0.4088566028449724,
    0.4003702739877335,
    0.392162160083027,
    0.3842231401598046,
    0.3765443922680165,
    0.36911738367553687,
    0.3619338613864723,
    0.35498584297031766,
    0.34826560769176745,
    0.34176568793132656,
    0.3354788608871869,
    0.32939814054914934,
    0.3235167699356711,
    0.31782821358541313,
    0.3123261502949445,
    0.3070044660945322,
    0.3018572474542128,
    0.2968787747125947,
    0.29206351572109085,
    0.28740611969651764,
    0.2829014112752296,
    0.27854438476218285,
    0.274330198568537,
    0.2702541698316139,
    0.26631176921123445,
    0.26249861585665324,
    0.25881047253849526,
    0.25524324094028783,
    0.25179295710435334,
    0.2484557870270048,
    0.2452280223981464,
    0.2421060764805483,
    0.23908648012421335,
    0.2361658779114093,
    0.2333410244280819,
    0.230608780657505,
    0.22796611049216137,
    0.22541007735997748,
    0.2229378409611638,
    0.2205466541120336,
    0.21823385969229403,
    0.21599688769241693
  ],
  "train_accuracy": [
    0.03901450804343844,
    0.07649923534529743,
    0.11251416546642831,
    0.14711692997861972,
    0.1803629006874081,
    0.2123052782387793,
    0.24299517725155317,
    0.2724817081116775,
    0.3008120555593241,
    0.3280315541945389,
    0.3541837610222743,
    0.3793105251528899,
    0.40345205476965657,
    0.4266469814704292,
    0.4489324220864436,
    0.4703440380771667,
    0.4909160925962384,
    0.5106815053198281,
    0.5296719051251403,
    0.5479176807033646,
    0.5654480291880657,
    0.5822910028768266,
    0.5984735541209085,
    0.6140215784547635,
    0.6289599560344149,
    0.6433125914510137,
    0.6571024519832855,
    0.6703516043500757,
    0.6830812500218078,
    0.6953117591473588,
    0.7070627031506446,
    0.7183528860490718,
    0.7292003745439789,
    0.739622526931212,
    0.7496360208781015,
    0.7592568801112888,
    0.7685005000581063,
    0.7773816724825463,
    0.7859146091552391,
    0.7941129645953179,
    0.8019898579205625,
    0.809557893840787,
    0.8168291828280643,
    0.8238153604960647,
    0.8305276062195214,
    0.836976661023614,
    0.8431728447719005,
    0.8491260726803016,
    0.8548458711835601,
    0.8603413931795704,
    0.8656214326759661,
    0.8706944388624105,
    0.8755685296311005,
    0.8802515045671279,
    0.8847508574294778,
    0.8890737881426435,
    0.8932272143180402,
    0.8972177823236603,
    0.9010518779196791,
    0.9047356364770346,
    0.9082749527953287,
    0.911675490535765,
    0.9149426912842152,
    0.9180817832589168,
    0.9210977896767377,
    0.9239955367913958,
    0.9267796616164935,
    0.9294546193457291,
    0.9320246904821574,
    0.9344939876879081,
    0.9368664623653217,
    0.9391459109800369,
    0.9413359811361458,
    0.9434401774131378,
    0.9454618669739754,
    0.9474042849532727,
    0.949270539634201,
    0.9510636174224056,
    0.9527863876248912,
    0.9544416070415257,
    0.9560319243765079,
    0.9575598844768597,
    0.9590279324047238,
    0.960438417349985,
    0.9617935963894756,
    0.9630956380987785,
    0.9643466260224126,
    0.9655485620079475,
    0.9667033694093865,
    0.9678128961649439,
    0.9688789177541405,
    0.969903140038949,
    0.9708872019935374,
    0.9718326783269775,
    0.9727410820031152,
    0.9736138666616355,
    0.974452428944196,
    0.9752581107293516,
    0.9760322012798464,
    0.9767759393057095
  ],
  "val_loss": [
    2.14426737081941,
    2.0903618745537504,
    2.0382236106611313,
    1.9877946423730108,
    1.939018932314044,
    1.8918422802325692,
    1.846212262772529,
    1.8020781752199029,
    1.7593909751589205,
    1.7181032279754418,
    1.6781690541469507,
    1.639544078260587,
    1.6021853797025667,
    1.5660514449641953,
    1.5311021215114768,
    1.497298573167054,
    1.4646032369549067,
    1.4329797813598453,
    1.4023930659554238,
    1.3728091023554065,
    1.3441950164453962,
    1.316519011852659,
    1.2897503346135495,
    1.2638592389992769,
    1.2388169544620329,
    1.2145956536647593,
    1.1911684215590186,
    1.1685092254766172,
    1.1465928862017396,
    1.125395049991452,
    1.1048921615134812,
    1.0850614376712011,
    1.0658808422867354,
    1.0473290616140492,
    1.0293854806548162,
    1.0120301602507435,
    0.9952438149269007,
    0.9790077914614292,
    0.9633040481578214,
    0.9481151347967356,
    0.933424173245067,
    0.9192148387007311,
    0.9054713415523141,
    0.8921784098334369,
    0.8793212722523307,
    0.8668856417777726,
    0.8548576997631354,
    0.8432240805909141,
    0.8319718568206658,
    0.8210885248238551,
    0.810561990889649,
    0.8003805577862144,
    0.7905329117625922,
    0.7810081099766971,
    0.7717955683354797,
    0.7628850497337332,
    0.7542666526784796,
    0.7459308002862917,
    0.737868229641326,
    0.7300699815022416,
    0.7225273903465654,
    0.715232074741442,
    0.7081759280300692,
    0.7013511093234663,
    0.6947500347875691,
    0.6883653692159676,
    0.6821900178789215,
    0.6762171186395973,
    0.6704400343287664,
    0.6648523453694886,
    0.6594478426435897,
    0.6542205205920013,
    0.6491645705413004,
    0.6442743742490296,
    0.6395444976606279,
    0.634969684871033,
    0.6305448522842456,
    0.6262650829643677,
    0.6221256211718326,
    0.6181218670787626,
    0.6142493716575745,
    0.6105038317371587,
    0.6068810852211344,
    0.6033771064628706,
    0.5999880017921309,
    0.5967100051883726,
    0.5935394740958924,
    0.5904728853761666,
    0.5875068313928913,
    0.5846380162253687,
    0.5818632520060338,
    0.5791794553780518,
    0.5765836440690483,
    0.5740729335771668,
    0.5716445339657699,
    0.5692957467632226,
    0.5670239619643127,
    0.5648266551299769,
    0.562701384582108,
    0.5606457886903291
  ],