{
  "train_loss": [
    1.9573809306266077,
    1.916159080541103,
    1.8762886434467474,
    1.8377253147558317,
    1.8004262423577984,
    1.7643499790013764,
    1.7294564362378162,
    1.6957068398740431,
    1.6630636868862332,
    1.631490703745926,
    1.6009528061123741,
    1.5714160598463311,
    1.5428476433019627,
    1.515215810854973,
    1.4884898576264234,
    1.4626400853630415,
    1.437637769436105,
    1.4134551269222344,
    1.3900652857306182,
    1.3674422547423695,
    1.3455608949288322,
    1.3243968914167392,
    1.303926726469185,
    1.284127653352388,
    1.2649776710592016,
    1.2464554998612865,
    1.2285405576627788,
    1.2112129371291775,
    1.194453383566036,
    1.178243273522875,
    1.1625645940985443,
    1.147399922925036,
    1.1327324088075033,
    1.1185457529989786,
    1.104824191088977,
    1.0915524754858628,
    1.0787158584735121,
    1.0663000758234458,
    1.0542913309442163,
    1.0426762795504447,
    1.031442014834463,
    1.0205760531240884,
    1.010066320010593,
    0.9999011369314517,
    0.9900692081929587,
    0.9805596084182966,
    0.9713617704071035,
    0.962465473393052,
    0.9538608316863915,
    0.9455382836888303,
    0.937488581268555,
    0.9297027794835757,
    0.9221722266419823,
    0.9148885546880625,
    0.9078436699036021,
    0.9010297439140312,
    0.8944392049894255,
    0.8880647296306936,
    0.8818992344316021,
    0.8759358682075965,
    0.8701680043826676,
    0.8645892336258085,
    0.8591933567288764,
    0.8539743777179447,
    0.848926497190494,
    0.844044105871034,
    0.8393217783779987,
    0.8347542671949861,
    0.8303364968396448,
    0.8260635582237266,
    0.8219307031980391,
    0.8179333392762362,
    0.8140670245315826,
    0.8103274626610226,
    0.8067104982110684,
    0.8032121119602016,
    0.7998284164526583,
    0.796555651678634,
    0.7933901808961072,
    0.7903284865896419,
    0.7873671665616746,
    0.7845029301519448,
    0.7817325945808674,
    0.7790530814127833,
    0.7764614131351588,
    0.773954709849932,
    0.7715301860733293,
    0.769185147640598,
    0.7669169887122109,
    0.7647231888782231,
    0.7626013103575553,
    0.7605489952890984,
    0.7585639631116251,
    0.7566440080295981,
    0.7547869965620593,
    0.7529908651718761,
    0.7512536179727096,
    0.7495733245111587,
    0.747948117621612,
    0.7463761913514281
  ],
  "train_accuracy": [
    0.033917135133240454,
    0.06650436037556007,
    0.09781382223965877,
    0.12789562254422718,
    0.15679789858754573,
    0.18456690017743124,
    0.21124706364079748,
    0.23688108293125734,
    0.2615099779485582,
    0.285173160179172,
    0.30790849576308266,
    0.32975236608768815,
    0.35073972600578185,
    0.3709041597707751,
    0.39027793477866707,
    0.408892053202763,
    0.42677630160376506,
    0.44395929859462446,
    0.4604685406364285,
    0.47633044603860336,
    0.4915703972338461,
    0.5062127813954321,
    0.5202810294618954,
    0.5337976536315281,
    0.5467842833867024,
    0.5592617001056551,
    0.5712498703171277,
    0.5827679776510709,
    0.5938344535365464,
    0.6044670066959451,
    0.6146826514827212,
    0.624497735107987,
    0.6339279637995394,
    0.6429884279351742,
    0.6516936261905104,
    0.6600574887399646,
    0.668093399548002,
    0.6758142177863342,
    0.6832322984113385,
    0.6903595119346231,
    0.6972072634183785,
    0.7037865107259104,
    0.7101077820565583,
    0.7161811927930612,
    0.7220164616883277,
    0.7276229264175137,
    0.7330095585202954,
    0.7381849777572471,
    0.743157465903296,
    0.74793498000033,
    0.7525251650901615,
    0.7569353664482261,
    0.7611726413375899,
    0.7652437703020759,
    0.7691552680165812,
    0.7729133937119463,
    0.77652416119106,
    0.7799933484522273,
    0.7833265069351985,
    0.7865289704046582,
    0.7896058634853862,
    0.7925621098627506,
    0.7954024401616544,
    0.7981313995165458,
    0.8007533548446012,
    0.803272501833726,
    0.8056928716565496,
    0.8080183374211615,
    0.8102526203689107,
    0.8123992958291865,
    0.8144617989407068,
    0.8164434301484743,
    0.8183473604851921,
    0.8201766366455921,
    0.8219341858617977,
    0.8236228205875185,
    0.8252452429985767,
    0.8268040493169657,
    0.8283017339653577,
    0.8297406935587133,
    0.8311232307393761,
    0.8324515578617926,
    0.8337278005327499,
    0.834954001012801,
    0.8361321214843179,
    0.8372640471914005,
    0.8383515894566703,
    0.8393964885797734,
    0.8404004166222304,
    0.8413649800830919,
    0.8422917224696799,
    0.8431821267675285,
    0.8440376178134772,
    0.8448595645757141,
    0.8456492823444167,
    0.8464080348364972,
    0.8471370362178187,
    0.8478374530461197,
    0.8485104061377559,
    0.8491569723612449
  ],
  "val_loss": [
    2.173772880385605,
    2.1484055880252946,
    2.1238699344287677,
    2.100138655234358,
    2.0771853799124913,
    2.0549846024623855,
    2.0335116530694255,
    2.0127426706917193,
    1.9926545765453745,
    1.9732250484590317,
    1.9544324960691533,
    1.9362560368285116,
    1.9186754728012079,
    1.901671268218445,
    1.8852245277701067,
    1.8693169756080255,
    1.8539309350376032,
    1.8390493088752213,
    1.8246555604496113,
    1.8107336952260735,
    1.7972682430331277,
    1.7842442408718395,
    1.7716472162887291,
    1.7594631712937772,
    1.7476785668056625,
    1.7362803076069455,
    1.7252557277924794,
    1.7145925766948786,
    1.704279005271407,
    1.694303552937154,
    1.6846551348298735,
    1.67532302949233,
    1.6662968669584637,
    1.6575666172301409,
    1.6491225791316781,
    1.6409553695297616,
    1.6330559129067768,
    1.6254154312759668,
    1.61802543442721,
    1.6108777104925813,
    1.6039643168212079,
    1.5972775711532852,
    1.590810043083442,
    1.5845545458039703,
    1.5785041281187437,
    1.5726520667189519,
    1.5669918587120637,
    1.5615172143957243,
    1.5562220502685484,
    1.5511004822700494,
    1.5461468192421877,
    1.5413555566052772,
    1.53672137024122,
    1.5322391105772692,
    1.527903796863755,
    1.523710611639404,
    1.519654895378108,
    1.515732141311196,
    1.5119379904194474,
    1.5082682265892902,
    1.5047187719277955,
    1.5012856822312668,
    1.4979651426023854,
    1.4947534632110429,
    1.4916470751941502,
    1.488642526689867,
    1.4857364790018452,
    1.4829257028892222,
    1.480207074978243,
    1.477577574291524,
    1.4750342788911008,
    1.47257436263153,
    1.4701950920194353,
    1.467893823176014,
    1.465667998899119,
    1.4635151458216624,
    1.4614328716631744,
    1.459418862571467,
    1.4574708805514505,
    1.4555867609782411,
    1.4537644101917997,
    1.4520018031704276,
    1.4502969812805337,
    1.4486480501001744,
    1.447053177313944,
    1.445510590676881,
    1.4440185760451256,
    1.442575475471137,
    1.4411796853613605,
    1.439829654694291,
    1.4385238832969571,
    1.4372609201779067,
    1.4360393619148462,
    1.4348578510951373,
    1.433715074807421,
    1.4326097631826928,
    1.431540687983206,
    1.430506661237636,
    1.429506533920992,
    1.4285391946778019
  ],